name	color	url
Pharoah Sanders Tee	White	https://www.supremenewyork.com/shop/t-shirts/mifv6gzjt/m60wr8n41
Pharoah Sanders Tee	Black	https://www.supremenewyork.com/shop/t-shirts/mifv6gzjt/a7650zpis
Pharoah Sanders Tee	Yellow	https://www.supremenewyork.com/shop/t-shirts/mifv6gzjt/rpzh3kiul
Pharoah Sanders Tee	Purple	https://www.supremenewyork.com/shop/t-shirts/mifv6gzjt/ifiaqvtn1
Pharoah Sanders Tee	Light Pine	https://www.supremenewyork.com/shop/t-shirts/mifv6gzjt/wxwoqduy0
Pharoah Sanders Tee	Cardinal	https://www.supremenewyork.com/shop/t-shirts/mifv6gzjt/obnjeyx5l
Pharoah Sanders Tee	Navy	https://www.supremenewyork.com/shop/t-shirts/mifv6gzjt/ana1cli3b
Futura Logo Tee	Red	https://www.supremenewyork.com/shop/t-shirts/ll4utoxgi/kpfocs6qb
Futura Logo Tee	Bright Blue	https://www.supremenewyork.com/shop/t-shirts/ll4utoxgi/ck60i3e8d
Futura Logo Tee	Woodland Camo	https://www.supremenewyork.com/shop/t-shirts/ll4utoxgi/luaqyexd1
Futura Logo Tee	Black	https://www.supremenewyork.com/shop/t-shirts/ll4utoxgi/w5po3c8ke
Futura Logo Tee	Yellow	https://www.supremenewyork.com/shop/t-shirts/ll4utoxgi/hsko21m38
Futura Logo Tee	White	https://www.supremenewyork.com/shop/t-shirts/ll4utoxgi/zo1izm4lv
Futura Logo Tee	Purple	https://www.supremenewyork.com/shop/t-shirts/ll4utoxgi/mzkqecnpy
Futura Logo Tee	Ash Grey	https://www.supremenewyork.com/shop/t-shirts/ll4utoxgi/rs7hpqjda
Lovers Tee	Purple	https://www.supremenewyork.com/shop/t-shirts/n4ik2h1pf/eu5lzgp0e
Lovers Tee	Dark Teal	https://www.supremenewyork.com/shop/t-shirts/n4ik2h1pf/zn2dru5by
Lovers Tee	Ash Grey	https://www.supremenewyork.com/shop/t-shirts/n4ik2h1pf/bz2ml8rpb
Lovers Tee	Woodland Camo	https://www.supremenewyork.com/shop/t-shirts/n4ik2h1pf/unrck09da
Lovers Tee	Orange	https://www.supremenewyork.com/shop/t-shirts/n4ik2h1pf/drlxu90oe
Lovers Tee	White	https://www.supremenewyork.com/shop/t-shirts/n4ik2h1pf/zy8h67tka
Lovers Tee	Black	https://www.supremenewyork.com/shop/t-shirts/n4ik2h1pf/bhmiya4rq
Stay Positive Tee	Woodland Camo	https://www.supremenewyork.com/shop/t-shirts/edkrpw7ms/kog1mf2kq
Stay Positive Tee	White	https://www.supremenewyork.com/shop/t-shirts/edkrpw7ms/ei3lpe50c
Stay Positive Tee	Black	https://www.supremenewyork.com/shop/t-shirts/edkrpw7ms/v2my1hnci
Stay Positive Tee	Purple	https://www.supremenewyork.com/shop/t-shirts/edkrpw7ms/yqxfda7vb
Stay Positive Tee	Navy	https://www.supremenewyork.com/shop/t-shirts/edkrpw7ms/joby4a786
Stay Positive Tee	Red	https://www.supremenewyork.com/shop/t-shirts/edkrpw7ms/az6jh1bxm
Stay Positive Tee	Natural	https://www.supremenewyork.com/shop/t-shirts/edkrpw7ms/ch4nys0ir
Balloons Tee	Black	https://www.supremenewyork.com/shop/t-shirts/vwc6nrz4x/l3qla4h7p
Balloons Tee	Cardinal	https://www.supremenewyork.com/shop/t-shirts/vwc6nrz4x/oi1q6mk35
Balloons Tee	White	https://www.supremenewyork.com/shop/t-shirts/vwc6nrz4x/x8d7o5gup
Balloons Tee	Dark Teal	https://www.supremenewyork.com/shop/t-shirts/vwc6nrz4x/fwz0somuh
Balloons Tee	Ash Grey	https://www.supremenewyork.com/shop/t-shirts/vwc6nrz4x/owe7k6dsz
Balloons Tee	Woodland Camo	https://www.supremenewyork.com/shop/t-shirts/vwc6nrz4x/wj39v4u0k
Balloons Tee	Orange	https://www.supremenewyork.com/shop/t-shirts/vwc6nrz4x/u7vmc3b5e
Verify Tee	Heather Grey	https://www.supremenewyork.com/shop/t-shirts/ry6djv3kf/mnokl84he
Verify Tee	Orange	https://www.supremenewyork.com/shop/t-shirts/ry6djv3kf/ix0feu9pi
Verify Tee	Black	https://www.supremenewyork.com/shop/t-shirts/ry6djv3kf/jat2pwc94
Verify Tee	Red	https://www.supremenewyork.com/shop/t-shirts/ry6djv3kf/bve7t803x
Verify Tee	Purple	https://www.supremenewyork.com/shop/t-shirts/ry6djv3kf/e9vam1l4g
Verify Tee	White	https://www.supremenewyork.com/shop/t-shirts/ry6djv3kf/lag149qej
Verify Tee	Navy	https://www.supremenewyork.com/shop/t-shirts/ry6djv3kf/h762tjfec
Verify Tee	Woodland Camo	https://www.supremenewyork.com/shop/t-shirts/ry6djv3kf/jx0scv3gt
Jet Tee	Navy	https://www.supremenewyork.com/shop/t-shirts/qhpg4uvtx/n0gamy6ne
Jet Tee	Dark Teal	https://www.supremenewyork.com/shop/t-shirts/qhpg4uvtx/lazgfvj0b
Jet Tee	White	https://www.supremenewyork.com/shop/t-shirts/qhpg4uvtx/p79up4klw
Jet Tee	Black	https://www.supremenewyork.com/shop/t-shirts/qhpg4uvtx/g20wjsfg5
Jet Tee	Orange	https://www.supremenewyork.com/shop/t-shirts/qhpg4uvtx/i1jfqt5rg
Jet Tee	Heather Grey	https://www.supremenewyork.com/shop/t-shirts/qhpg4uvtx/uq28k14xo
Jet Tee	Red	https://www.supremenewyork.com/shop/t-shirts/qhpg4uvtx/f0kh7ma92
Jet Tee	Purple	https://www.supremenewyork.com/shop/t-shirts/qhpg4uvtx/slmkns5ry
Tire Tee	Orange	https://www.supremenewyork.com/shop/t-shirts/pd75fskci/g95hqd4eg
Tire Tee	Woodland Camo	https://www.supremenewyork.com/shop/t-shirts/pd75fskci/cwduzct1g
Tire Tee	Cardinal	https://www.supremenewyork.com/shop/t-shirts/pd75fskci/s3o6qdih5
Tire Tee	White	https://www.supremenewyork.com/shop/t-shirts/pd75fskci/mxp5dm1lo
Tire Tee	Purple	https://www.supremenewyork.com/shop/t-shirts/pd75fskci/vtvp5kuy8
Tire Tee	Black	https://www.supremenewyork.com/shop/t-shirts/pd75fskci/u2se3frt6
Tire Tee	Heather Grey	https://www.supremenewyork.com/shop/t-shirts/pd75fskci/x7xl0wurd
Multi Logo Tee	Bright Blue	https://www.supremenewyork.com/shop/t-shirts/z70fig23e/zidb7xmk8
Multi Logo Tee	Heather Grey	https://www.supremenewyork.com/shop/t-shirts/z70fig23e/m76c5foyb
Multi Logo Tee	White	https://www.supremenewyork.com/shop/t-shirts/z70fig23e/espto45ax
Multi Logo Tee	Light Pink	https://www.supremenewyork.com/shop/t-shirts/z70fig23e/v6q805evx
Multi Logo Tee	Black	https://www.supremenewyork.com/shop/t-shirts/z70fig23e/icbfu4ml8
Multi Logo Tee	Red	https://www.supremenewyork.com/shop/t-shirts/z70fig23e/qhmwa12r9
Multi Logo Tee	Dark Teal	https://www.supremenewyork.com/shop/t-shirts/z70fig23e/g08ukomar
Nuova York Tee	White	https://www.supremenewyork.com/shop/t-shirts/zxeckjhos/f20jcbvdo
Nuova York Tee	Black	https://www.supremenewyork.com/shop/t-shirts/zxeckjhos/aaok6pcn8
Nuova York Tee	Orange	https://www.supremenewyork.com/shop/t-shirts/zxeckjhos/slsct2g6w
Nuova York Tee	Navy	https://www.supremenewyork.com/shop/t-shirts/zxeckjhos/fktjalyh8
Nuova York Tee	Natural	https://www.supremenewyork.com/shop/t-shirts/zxeckjhos/qoc47k9qh
Nuova York Tee	Woodland Camo	https://www.supremenewyork.com/shop/t-shirts/zxeckjhos/zqb7hvey6
Nuova York Tee	Light Pink	https://www.supremenewyork.com/shop/t-shirts/zxeckjhos/gogbdum1s